{"cameraMode":{"drawMode":0,"name":"Shaded","section":"Shading Mode"},"sceneLighting":true,"audioPlay":false,"sceneViewState":{"m_AlwaysRefresh":false,"showFog":true,"showSkybox":true,"showFlares":true,"showImageEffects":true,"showParticleSystems":true,"showVisualEffectGraphs":true,"m_FxEnabled":true},"in2DMode":false,"pivot":{"x":5.538476467132568,"y":-7.691178321838379,"z":13.148931503295899},"rotation":{"x":0.11383514106273651,"y":-0.8834842443466187,"z":0.28051748871803286,"w":0.3580721616744995},"size":20.496639251708986,"orthographic":true}