{"cameraMode":{"drawMode":0,"name":"Shaded","section":"Shading Mode"},"sceneLighting":false,"audioPlay":false,"sceneViewState":{"m_AlwaysRefresh":false,"showFog":true,"showSkybox":false,"showFlares":true,"showImageEffects":true,"showParticleSystems":true,"showVisualEffectGraphs":true,"m_FxEnabled":true},"in2DMode":false,"pivot":{"x":-0.002664044499397278,"y":0.9665391445159912,"z":0.02303887903690338},"rotation":{"x":0.01762029528617859,"y":0.9761165976524353,"z":-0.08661240339279175,"w":0.1985703557729721},"size":1.272882342338562,"orthographic":true}