{"cameraMode":{"drawMode":0,"name":"Shaded","section":"Shading Mode"},"sceneLighting":true,"audioPlay":false,"sceneViewState":{"m_AlwaysRefresh":false,"showFog":true,"showSkybox":true,"showFlares":true,"showImageEffects":true,"showParticleSystems":true,"showVisualEffectGraphs":true,"m_FxEnabled":true},"in2DMode":false,"pivot":{"x":117.57569885253906,"y":274.8517150878906,"z":140.95069885253907},"rotation":{"x":-1.0771548630827965e-7,"y":0.8835079073905945,"z":-0.46841925382614138,"w":2.0781334342245828e-7},"size":0.21213385462760926,"orthographic":true}