{"cameraMode":{"drawMode":0,"name":"Shaded","section":"Shading Mode"},"sceneLighting":false,"audioPlay":false,"sceneViewState":{"m_AlwaysRefresh":false,"showFog":true,"showSkybox":false,"showFlares":true,"showImageEffects":true,"showParticleSystems":true,"showVisualEffectGraphs":true,"m_FxEnabled":true},"in2DMode":false,"pivot":{"x":0.006850600242614746,"y":2.5388543605804445,"z":0.010436594486236573},"rotation":{"x":-0.008740147575736046,"y":0.984140932559967,"z":-0.1699470430612564,"w":-0.0505383238196373},"size":0.6079995036125183,"orthographic":true}